{
  "metadata": {
    "schemaVersion": "1.0",
    "importType": "LEX",
    "importFormat": "JSON"
  },
  "resource": {
    "name": "riskLevel",
    "version": "1",
    "enumerationValues": [
      {
        "value": "High",
        "synonyms": [
          "Maximum"
        ]
      },
      {
        "value": "Very Low",
        "synonyms": [
          "Really Low",
          "Extremely Low"
        ]
      },
      {
        "value": "Low",
        "synonyms": [
          "Minimal"
        ]
      },
      {
        "value": "Medium",
        "synonyms": [
          "Average",
          "Middle"
        ]
      },
      {
        "value": "Very High",
        "synonyms": [
          "Really High",
          "Extremely High"
        ]
      },
      {
        "value": "None",
        "synonyms": [
          "Zero",
          "None",
          "Nothing",
          "No"
        ]
      }
    ],
    "valueSelectionStrategy": "TOP_RESOLUTION"
  }
}